<?xml version="1.0" encoding="UTF-8"?>
<project-private xmlns="http://www.netbeans.org/ns/project-private/1">
    <editor-bookmarks xmlns="http://www.netbeans.org/ns/editor-bookmarks/2" lastBookmarkId="0"/>
    <open-files xmlns="http://www.netbeans.org/ns/projectui-open-files/2">
        <group>
            <file>file:/D:/PRJ301/Project%20SWP2/web/home.jsp</file>
            <file>file:/D:/PRJ301/Project%20SWP2/web/css/meanmenu.css</file>
            <file>file:/D:/PRJ301/Project%20SWP2/web/js/plugin.js</file>
            <file>file:/D:/PRJ301/Project%20SWP2/web/index.html</file>
        </group>
    </open-files>
</project-private>
